Name,Spent,Year,totalTime
spotifier,4230,0,475.575650117
angry_pigs,340,0,421.402941183
hangup_goggles,413,0,399.58232445
whatzz_that,462,0,514.882034633
footpaper,562,1,326.3683274
webfix,421,1,219.81235155
hangup_goggles,475,1,250.617894733
angry_pigs,476,1,217.340336133
whatzz_that,509,1,243.067779967
footpaper,483,0,623.3447205
