Name,Spent,Year,totalTime
angry_pigs,152630,0,495.503282333
hangup_goggles,124150,0,413.588180567
whatzz_that,151245,0,404.0978374
footpaper,165577,0,502.7361118
webfix,205805,1,350.041608
hangup_goggles,156854,1,234.616030617
angry_pigs,178244,1,262.854397433
whatzz_that,173868,1,236.51726865
footpaper,185906,1,250.808039633
webfix,171675,0,641.41571875
